id,InOr,aC,aO,aF,sC,sO,sF,O,C,F,FC,FO,OC,LLCE
20-1-1,1.0092485316253854,0.0,0.0,0.037895004055581834,0.2686318476913953,0.2269054597655094,0.0,0.2269054597655094,0.2686318476913953,0.037895004055581834,0.14106668431628283,0.16700789877309966,0.8446707332563888,0.6334687161563538
20-1-2,1.0275424150261248,0.0,0.003615110725756306,0.037715070751670174,0.26699452889049097,0.22552713950360723,0.0,0.22914225022936352,0.26699452889049097,0.037715070751670174,0.14125784115650994,0.16459239059544314,0.8582282610118475,0.49136121611060535
20-1-3,1.209390065568199,0.017097507733583914,0.03419501546716783,0.02358897587551741,0.24266388163185276,0.24266388163185276,0.0,0.27685889709902056,0.2597613893654367,0.02358897587551741,0.09081016979906911,0.08520215937680574,1.0658200503752726,1.0128389184569544
20-1-4,3.6637442198361363,0.0,0.17010555516622428,0.08505277758311214,0.1436840280211098,0.1436840280211098,0.0,0.3137895831873341,0.1436840280211098,0.08505277758311214,0.5919431599635858,0.2710503539320334,2.1838863199271716,-0.0
20-1-5,0.8628572612887029,0.011617687330096804,0.023235374660193608,0.03485306199029041,0.23702190391266081,0.13902550910203915,0.0,0.16226088376223274,0.2486395912427576,0.03485306199029041,0.14017502931084638,0.21479645113582627,0.6525947173224332,-0.0
20-1-6,1.3187105664593033,0.0,0.07411307476654513,0.03705653738327257,0.2036793282709093,0.10183966413545464,0.0,0.17595273890199978,0.2036793282709093,0.03705653738327257,0.18193568143540076,0.2106050614188615,0.8638713628708015,0.2787534272350709
20-1-7,0.8985746513365432,0.0,0.0,0.0372389367753382,0.292414795169092,0.21931109637681898,0.0,0.21931109637681898,0.292414795169092,0.0372389367753382,0.1273497011456085,0.16979960152747806,0.7499999999999999,-0.0
20-1-8,0.9374761139405686,0.0,0.0,0.03221396439739506,0.2658344372608143,0.21163047673121854,0.0,0.21163047673121854,0.2658344372608143,0.03221396439739506,0.1211805540671521,0.15221798341601067,0.7960988008622246,0.5682021583616941
20-1-9,1.4402920401555923,0.008107060993032662,0.02766483587710677,0.0,0.20411587786556784,0.2721545038207571,0.0,0.2998193396978639,0.2122229388586005,0.0,0.0,0.0,1.4127565159090882,-0.0
20-1-10,1.211799460135579,0.01717048254237805,0.0343409650847561,0.02342064322851017,0.2430130452495993,0.2430130452495993,0.0008465927169690546,0.2773540103343554,0.26018352779197734,0.024267235945479224,0.09326968602286549,0.08749552932811254,1.0659937340695382,0.3979400086720376
20-1-11,1.2165992423013179,0.017213435366073445,0.03442687073214689,0.023508835678734418,0.2414022130009316,0.2414022130009316,0.0,0.27582908373307846,0.258615648367005,0.023508835678734418,0.09090260325381667,0.08522972037816022,1.0665599141999544,0.49136121611060535
20-1-12,1.2237057739464448,0.01724351171025162,0.03649218182771556,0.02360042940106724,0.2417157430051796,0.2417157430051796,0.0,0.27820792483289514,0.2589592547154312,0.02360042940106724,0.09113568629552019,0.08483018381033818,1.07433088320638,0.8450984743089558
20-1-13,1.2106344979052928,0.017305754776956693,0.034611509553913386,0.02364194364601277,0.2425341619727228,0.2425341619727228,0.0,0.27714567152663616,0.2598399167496795,0.02364194364601277,0.09098657335542705,0.08530511595502428,1.0666016022227578,0.49136121611060535
20-1-14,1.2256311614606479,0.018311583999311525,0.03662316799862305,0.02516067928435346,0.23911078675309788,0.23911078675309788,0.0,0.2757339547517209,0.2574223707524094,0.02516067928435346,0.09774084206750303,0.09124984011130906,1.0711343926551111,0.44715785762446125
20-1-15,1.0348167811616262,0.0012347252399663284,0.0024694504799326568,0.041259581530802655,0.2659642361523739,0.22466161498524903,0.0,0.2271310654651817,0.26719896139234023,0.041259581530802655,0.1544152017500523,0.18165538670943093,0.8500447167969151,0.6334687161563538
20-1-16,1.0285525085367007,0.004175394767802385,0.00835078953560477,0.037347537216101255,0.26469789773695984,0.2235835345046217,0.0,0.23193432404022649,0.2688732925047622,0.037347537216101255,0.13890385641571212,0.16102634817269967,0.8626157022870485,0.49136121611060535
20-1-18,0.9786701169730841,0.0,0.0,0.03665057577421842,0.2742395178386776,0.2256310159318993,0.0,0.2256310159318993,0.2742395178386776,0.03665057577421842,0.1336443998409385,0.16243589394323527,0.8227516504919891,-0.0
20-1-21,1.2366183548968013,0.01717201294946807,0.038339693554390625,0.023531080467392468,0.2409177253161,0.2409177253161,0.0,0.2792574188704906,0.2580897382655681,0.023531080467392468,0.09117402584669816,0.08426304505201104,1.0820167463734707,1.1702589359191677
20-1-22,1.042106258472625,0.007077601521749969,0.014155203043499938,0.0369964911589231,0.2619606653405982,0.22127928522320015,0.0,0.23543448826670008,0.26903826686234816,0.0369964911589231,0.13751386221147543,0.15714134080905554,0.8750966582280235,0.716002648764184
20-1-23,1.0281532529857993,0.0,0.003000110162464846,0.03774087879252122,0.2672731472383481,0.22576654690681058,0.0,0.22876665706927543,0.2672731472383481,0.03774087879252122,0.14120714775309906,0.1649754351268615,0.8559283243866864,0.6334687161563538
20-1-24,1.1065059248589635,0.008488931326590978,0.016977862653181956,0.030893198267900462,0.2558120514441592,0.23459480094114615,0.0,0.2515726635943281,0.26430098277075015,0.030893198267900462,0.11688642979695864,0.12280029883420518,0.9518415745450998,0.6020599913279624
20-1-25,1.0554267064793332,0.004067208957895554,0.008134417915791108,0.03457645883322385,0.26250266376769593,0.2305578424401401,0.0,0.23869226035593122,0.26656987272559146,0.03457645883322385,0.12970880197259596,0.14485789686546352,0.8954209938106636,0.6627584396942743
20-1-28,1.0281886562175901,0.0016601487387612782,0.0033202974775225565,0.03656878560742931,0.2661184592468082,0.22840009447231924,0.0,0.2317203919498418,0.2677786079855695,0.03656878560742931,0.13656350625812494,0.157814274780551,0.8653431791770652,0.7853309641778878
20-1-29,1.0172411487287734,0.0,0.0012823699862402047,0.037820887384314474,0.26805030078620085,0.22641014396341427,0.0,0.22769251394965448,0.26805030078620085,0.037820887384314474,0.14109623183926487,0.166105098179368,0.84943950177196,0.8450984743089558
20-1-30,1.012833912843284,0.0,0.0005621187705654743,0.03787509881099868,0.2683776487624381,0.22669750421863313,0.0,0.2272596229891986,0.2683776487624381,0.03787509881099868,0.1411261294882454,0.1666600441944711,0.8467904240057031,0.7403631237889428
20-1-32,1.2528915781611103,0.017128405411378757,0.04072058894748947,0.023429818913930263,0.23989463720656645,0.23989463720656645,0.0,0.28061522615405593,0.25702304261794523,0.023429818913930263,0.09115843729528086,0.08349446762046848,1.09179014961386,0.8450984743089558
20-1-33,1.0162995742158418,0.0010819279539228362,0.0021638559078456725,0.03754014243060775,0.2674398848306576,0.2265723466788028,0.0,0.22873620258664848,0.2685218127845804,0.03754014243060775,0.13980295321752517,0.16411981140758433,0.8518347176888394,0.6334687161563538
20-1-34,1.2395989465059662,0.01687713374561197,0.037837184936658566,0.023105826116326195,0.2418724383528406,0.2418724383528406,0.0017355584695621332,0.27970962328949917,0.25874957209845256,0.02484138458588833,0.09600550982336056,0.08881133331682879,1.0810051627179944,1.5686362358410122
20-1-35,1.2444970112528855,0.016510701795266536,0.03738742164535413,0.02264330013111549,0.24293932622350603,0.24293932622350603,0.003816099648122185,0.28032674786886014,0.2594500280187726,0.026459399779237676,0.10198264375335969,0.09438770998626099,1.080465282696277,1.481486060122112
20-1-36,1.2189501740956212,0.017028124353714032,0.034986200701184314,0.023326110718017073,0.24294760584573843,0.24294760584573843,0.0014161118325133183,0.27793380654692273,0.25997573019945247,0.024742222550530393,0.09517127822488755,0.08902199720836493,1.069075972336698,0.9138146341144876
20-1-37,1.215269497678316,0.016946918766596843,0.03415461725049808,0.023177380362387992,0.24357315946622712,0.24357315946622712,0.0019969612453639373,0.2777277767167252,0.26052007823282397,0.025174341607751928,0.09663109952413684,0.09064394604443571,1.0660513331664323,0.8260740209714625
20-1-38,1.235953760298819,0.01719282727867222,0.038285821866971846,0.023499096806004354,0.24094788051114577,0.24094788051114577,0.0,0.2792337023781176,0.258140707789818,0.023499096806004354,0.09103212355463776,0.08415566103186074,1.0817112293868576,1.7439561012979674
20-1-39,1.2139853100967541,0.01700920073232119,0.03413829614040139,0.02329993481200333,0.24341032856317235,0.24341032856317235,0.0016321993374576605,0.2775486247035737,0.26041952929549356,0.02493213414946099,0.0957383427307056,0.08982978811762768,1.0657750033356526,0.9721083722321816
21-1-1,0.6809187907514396,0.008609638229573965,0.01721927645914793,0.012241864688443686,0.25275149978653466,0.1412513823888455,0.0,0.1584706588479934,0.2613611380161086,0.012241864688443686,0.04683888653595156,0.07725003970726342,0.6063283166383607,0.716002648764184
21-2-1,1.241941780097482,0.01701058702010638,0.03813331351022515,0.023309181458715172,0.2414260241638253,0.2414260241638253,0.0017651171698547228,0.27955933767405045,0.2584366111839317,0.025074298628569896,0.09702301277555558,0.08969222361588593,1.0817327173319322,1.2041199826559248
21-3-1,1.3716832996755655,0.024491572517535132,0.054950279640199585,0.0333776464043217,0.21724707449773323,0.21724707449773323,0.0025539275633270297,0.27219735413793283,0.24173864701526837,0.035931573967648726,0.14863810322136561,0.13200559601854478,1.125998500855102,0.8061799739838872
21-20-3,13.463467652780787,0.0,0.3185694324474351,0.15928471622371754,0.05620999496493442,0.04000022596663676,0.0,0.35856965841407185,0.05620999496493442,0.15928471622371754,2.833743648671102,0.4442225171204461,6.379108531103036,0.7853309641778878
21-20-49,1.2103984723109913,0.01689946481558397,0.03422035577514126,0.021633831565462783,0.24424730666371453,0.24424730666371453,0.002470245791017491,0.2784676624388558,0.2611467714792985,0.024104077356480274,0.09230088206696839,0.08655970012953622,1.0663262687929893,0.9294782109573823
21-20-50,1.131526896102226,0.016509484108796733,0.033313370568124605,0.021175889997461738,0.2490411836435724,0.23043180384058576,0.002409731673710626,0.26374517440871037,0.26555066775236913,0.023585621671172365,0.08881778332851488,0.08942579413651419,0.9932009459477525,0.5782760007258578
21-20-52,1.0592115060747624,0.016146591236869987,0.03265426999176941,0.020670041269750826,0.25363432622117354,0.2171806546253621,0.0023601959871165134,0.2498349246171315,0.26978091745804356,0.02303023725686734,0.08536644279315646,0.09218181682229117,0.9260659611181948,-0.0
21-20-53,1.0702848721688787,0.01969204478866956,0.039697737802560036,0.02520874979098592,0.25448515093889545,0.21002701589073738,0.0028784456363896973,0.2497247536932974,0.274177195727565,0.02808719542737562,0.1024417634473304,0.11247261239416922,0.9108151866190773,0.6020599913279624
21-20-54,1.0845136058262481,0.015863465816574017,0.03202022119774717,0.020327451033620537,0.24462331663954814,0.2152054999900477,0.0023171233955995786,0.24722572118779487,0.26048678245612217,0.022644574429220115,0.08693175989854492,0.0915947350478921,0.9490912316422002,-0.0
21-20-55,1.0271801312611222,0.015421916878061987,0.03107672384326106,0.019780921875434718,0.24477602497311093,0.20190873041182641,0.0022509898750014304,0.2329854542550875,0.2601979418511729,0.02203191175043615,0.08467365880640933,0.09456346457712417,0.895416207359356,-0.0
21-20-56,0.9727722421251622,0.01498441878373184,0.030195285546517788,0.019201039836788655,0.24494233535623405,0.1893669788135799,0.0021887239355331094,0.21956226436009768,0.2599267541399659,0.021389763772321765,0.08229150493990225,0.09742003633757865,0.844708214383608,-0.0
21-20-57,0.9676980567367509,0.01798365557610715,0.0362593227116023,0.023044262984881846,0.2439215755344386,0.17722242056504348,0.0026268124226841946,0.21348174327664576,0.26190523111054576,0.02567107540756604,0.09801665777622715,0.12024951180157605,0.8151106504113266,0.8260740209714625
21-20-58,1.151036262210014,0.016985186742127328,0.03422997711152115,0.021743568396808816,0.25472106150637647,0.24080823693520895,0.0024827760238119857,0.2750382140467301,0.2717062482485038,0.024226344420620802,0.08916373685474938,0.08808355778700863,1.0122631180537993,0.9731277667408109
21-20-59,1.1236604125147893,0.017032374598691814,0.03433093442355362,0.021872396312410246,0.2599852611071643,0.2390281396454323,0.0024932314990939075,0.2733590740689859,0.27701763570585614,0.024365627811504153,0.0879569553375878,0.08913414670608356,0.9867930371019592,0.8450984743089558
21-20-60,1.099469456392648,0.017045666425491927,0.034559517700076724,0.022250073585176545,0.26512510928483024,0.2370819726640016,0.0025021815979396904,0.2716414903640783,0.2821707757103222,0.024752255183116235,0.0877208318997819,0.09112104027238638,0.9626847063813112,0.5682021583616941
21-20-61,1.1169430496057744,0.021179021495417037,0.042701939651166324,0.02713880606962242,0.26884470335780297,0.23417383346293233,0.003093548835442042,0.27687577311409867,0.29002372485322003,0.030232354905064464,0.10424097173555354,0.10919104465166012,0.954665944154136,0.2041199826559248
21-20-62,1.274071028634088,0.015303855963400306,0.030916157314954583,0.019644513084834715,0.23522771953090185,0.25419342410966617,0.002224119550921555,0.28510958142462073,0.25053157549430216,0.02186863263575627,0.08728892792299399,0.0767025524939717,1.1380185545957457,1.025304128090317
21-20-63,1.3015564695823314,0.014497440825645027,0.029256677764663282,0.018598967688168887,0.23154146734679112,0.25870571470901876,0.0021237117202260467,0.28796239247368205,0.24603890817243615,0.020722679408394933,0.084225212842643,0.07196314501480904,1.1703937178580872,0.2787534272350709
21-20-64,1.3298004454549546,0.013898161768505423,0.028102434316249855,0.017809109690989627,0.2279580588561231,0.2625798312428803,0.0020300580063648717,0.2906822655591302,0.24185622062462853,0.0198391676973545,0.08202876753021687,0.06825035458972244,1.201880459425031,-0.0
21-20-65,1.391959599059405,0.0164443840208609,0.0331610729868189,0.021071839837978973,0.22395730286722215,0.2649219807932512,0.002401976174787118,0.2980830537800701,0.24040168688808305,0.023473816012766092,0.09764414017483215,0.07874924694674326,1.2399374465239927,0.49136121611060535
21-20-66,1.2097454502558571,0.01691409117074328,0.03410826523554777,0.02167372275560722,0.2442808192203456,0.2442808192203456,0.002470584727209234,0.2783890844558934,0.2611949103910889,0.024144307482816454,0.09243789416365357,0.08672864286330077,1.0658289016392377,0.8976280467393527
21-20-67,1.170073503206314,0.007489879452924477,0.015292147870336423,0.02246963835877343,0.2528207480032369,0.2528207480032369,0.002556955068072691,0.26811289587357334,0.26031062745616135,0.02502659342684612,0.09614126657606718,0.09334349004475796,1.0299729154113233,0.6901952982991498
21-20-68,1.1939181028417785,0.01322039406233665,0.026730247243210492,0.02193520027821581,0.24764977821295925,0.24764977821295925,0.0025046573926780593,0.27438002545616974,0.2608701722752959,0.02443985767089387,0.09368590305948249,0.08907302064084824,1.0517876500139576,-0.0
21-20-69,1.1815790253157654,0.010337600660090781,0.02095379983291399,0.022167793210751584,0.2502757669172242,0.2502757669172242,0.0025312158740491615,0.2712295667501382,0.26061336757731496,0.024699009084800747,0.09477261014814754,0.09106311447067988,1.0407354360657413,-0.0
21-20-70,1.1499990626888592,0.014331616582111819,0.028950008021783675,0.013231770031493988,0.25011737104250004,0.25011737104250004,0.0025296139045200123,0.2790673790642837,0.26444898762461183,0.015761383936014,0.05960084807882665,0.05647877580268289,1.0552786818016593,0.9731277667408109
21-20-71,1.1876558855245747,0.01593432814431648,0.03216493361384649,0.018587511797969358,0.2464419672275267,0.2464419672275267,0.002492441945785876,0.2786069008413732,0.2623762953718432,0.021079953743755233,0.08034244752896004,0.07566199430127273,1.061860029872469,0.9444840618947344
21-20-72,1.1626242098681066,0.014839196165181876,0.030013642852719718,0.015010772413435595,0.24889954349701301,0.24889954349701301,0.0025172971530703575,0.2789131863497327,0.2637387396621949,0.017528069566505954,0.06645997318769503,0.06284417669850606,1.0575359035497542,0.7634274724098717
21-1-34,1.214721372003891,0.016669978877322533,0.033339957754645065,0.022861737773423114,0.2414644253376295,0.2414644253376295,0.0025800757889586925,0.27480438309227456,0.25813440421495204,0.025441813562381805,0.09856033580551339,0.09258154209949003,1.064578679188541,0.716002648764184
21-1-36,1.2143959275922633,0.015806127750584566,0.03161225550116913,0.02160874920750108,0.22895155310005225,0.22895155310005225,0.002446374277171336,0.26056380860122136,0.24475768085063682,0.024055123484672414,0.09828138345268941,0.09231951134659482,1.0645786791885408,0.7853309641778878
21-1-37,1.2431828796561077,0.01667789057109458,0.03776600986854193,0.022872588121206468,0.2415790261181207,0.2415790261181207,0.0025813003117790946,0.27934503598666266,0.2582569166892153,0.02545388843298556,0.09856033580551342,0.09111988814507109,1.081655583779871,1.2041199826559248
21-1-38,1.244159212890992,0.01654366923461888,0.0374620742901004,0.022902897509946313,0.2396348318201758,0.2396348318201758,0.002560526367003812,0.2770969061102762,0.25617850105479467,0.025463423876950126,0.09939719286398545,0.0918935697781355,1.081655583779871,1.025304128090317
21-1-39,1.2441592128909917,0.01620818089159648,0.03670238252816235,0.022438450655560153,0.23477528757290744,0.23477528757290744,0.002508601565078149,0.2714776701010698,0.2509834684645039,0.024947052220638304,0.09939719286398543,0.09189356977813548,1.081655583779871,-0.0
21-1-40,1.2438337684793639,0.0156925252366312,0.035534713483256875,0.021656796880614768,0.22730602217583648,0.22730602217583648,0.0024287915856770694,0.2628407356590934,0.24299854741246768,0.024085588466291837,0.09911824051116143,0.09163567590044736,1.081655583779871,1.0128389184569544
21-1-41,1.2421683418310878,0.016864320139940638,0.03780845785688309,0.02365770509348677,0.24168880183644328,0.24168880183644328,0.0017342407836218718,0.2794972596933264,0.2585531219763839,0.025391945877108642,0.09820784867346496,0.09084863982197722,1.0810051627179946,1.1430174928882304
21-1-42,1.2077088855217557,0.01691134295233366,0.03382268590466732,0.021649037349347568,0.24441898091144693,0.24441898091144693,0.002471982054125894,0.27824166681611423,0.2613303238637806,0.024121019403473463,0.09230088206696838,0.08669089600952788,1.064712516719448,0.5682021583616941
21-1-49,1.2410442313763475,0.016869923697513587,0.03782102058509196,0.023416361189113534,0.24176910849005215,0.24176910849005215,0.0017348170249405694,0.27959012907514413,0.25863903218756573,0.025151178214054104,0.09724432542654428,0.08995731822597478,1.0810051627179946,1.1789780330307316
21-7-1,1.2403511737467963,0.016879442446503003,0.03783806375963996,0.02326166591650565,0.2418154648865368,0.2418154648865368,0.001735149655797914,0.27965352864617676,0.2586949073330398,0.024996815572303564,0.09662662411874638,0.08938494605562455,1.0810167526265029,1.1613712594558034
21-7-2,1.1269192570565147,0.009739085208171221,0.025139730960881953,0.03324006837014251,0.26060025445247276,0.22721733817294262,0.0,0.25235706913382455,0.270339339660644,0.03324006837014251,0.12295683052221941,0.13171839601812524,0.9334825980214625,0.44715785762446125
21-7-3,1.189589548006015,0.010514838448716464,0.02872589016441618,0.037167940911704174,0.2539634234587545,0.22688644085181522,0.0,0.2556123310162314,0.264478261907471,0.037167940911704174,0.14053306552924777,0.14540746435798518,0.9664776574554872,-0.0
21-7-4,1.1476617217573577,0.009994638148603723,0.019989276297207446,0.053403211532457195,0.2581041301368905,0.21539903277787933,0.0,0.2353883090750868,0.2680987682854942,0.053403211532457195,0.19919230466433527,0.22687282874113363,0.8779910127167218,0.6334687161563538
21-7-5,1.1473995210123604,0.015980324769705113,0.031960649539410226,0.04794097430911534,0.2462960186658601,0.19706363982775765,0.0,0.22902428936716787,0.2622763434355652,0.04794097430911534,0.18278802304902977,0.20932703007870568,0.8732174864388158,0.11394322201851174
21-7-6,1.1318969518771447,0.007085248922703481,0.03164052182865181,0.029990758759732866,0.25095903011631787,0.20671786093373007,0.0,0.2383583827623819,0.25804427903902133,0.029990758759732866,0.1162233042771612,0.12582212721937489,0.9237111694552912,0.6020599913279624
21-7-7,1.1450924414205657,0.018315257785710262,0.036630515571420524,0.054945773357130794,0.23811729889338526,0.17458980678026634,0.0,0.21122032235168686,0.25643255667909554,0.054945773357130794,0.21426988081661938,0.2601348807035943,0.8236876201956365,0.2787534272350709
21-7-8,1.2784137178843784,0.0,0.024872440997833103,0.06497992888164651,0.23552447875182422,0.18383373917559045,0.0,0.20870618017342357,0.23552447875182422,0.06497992888164651,0.2758945873737263,0.3113464528345624,0.8861337100902387,-0.0
21-7-9,1.2421325608397313,0.016864476158050062,0.03780325681344865,0.023657923959731684,0.24169103778960468,0.24169103778960468,0.0017342568277295561,0.2794942946030533,0.25855551394765475,0.02539218078746124,0.09820784867346496,0.09085044409770161,1.0809836941231803,0.8976280467393527
21-7-15,1.3015536035153967,0.014990706243097387,0.03362400102806673,0.021029350990696815,0.23304878925243783,0.2521621876069037,0.001541567873851214,0.2857861886349704,0.24803949549553522,0.02257091886454803,0.09099727774988282,0.07897834031922886,1.1521801722101739,1.0606954517405303
21-7-21,1.3930511165211867,0.0032830424584359666,0.06308482762589847,0.05126224106975939,0.22921399067922216,0.17961585464298574,0.004443626168708307,0.2427006822688842,0.23249703313765813,0.055705867238467696,0.2395981853475311,0.22952497173762396,1.0438872229616136,1.2041199826559248
21-7-22,1.5174529583888752,0.0030470584787084193,0.05405840276098652,0.04399498668033515,0.24146971320537974,0.23319387472436104,0.008893559938155578,0.28725227748534754,0.24451677168408817,0.052888546618490725,0.21629823694393405,0.184118806929872,1.174775355927212,1.0606954517405303
21-7-23,1.3975015979746732,0.00515308042282321,0.05469939302203737,0.05664835187565211,0.23162910512258014,0.1840155382882486,0.0,0.23871493131028598,0.23678218554540334,0.05664835187565211,0.23924245713489162,0.2373054402785537,1.008162547196829,0.863323815569367
21-7-28,1.3340632015028588,0.014382313073966055,0.03221362137560324,0.020686227039564357,0.22898722732588325,0.2563000753404389,0.0014685896689422642,0.28851369671604216,0.24336954039984932,0.022154816708506622,0.09103364649539494,0.07678947987800938,1.1854963289244096,0.9138146341144876
21-7-29,1.2732722258274884,0.015856357725001637,0.03551249776190781,0.02241694846970481,0.23699753276855132,0.24703120367918713,0.001618507022746966,0.2825437014410949,0.25285389049355295,0.024035455492451775,0.09505669636142937,0.08506809873963062,1.1174188417255102,0.863323815569367
21-7-45,1.2390536500175522,0.012930746183189585,0.03009404062999385,0.024665094395230014,0.23811978004026935,0.23811978004026935,0.0025851562619085035,0.2682138206702632,0.2510505262234589,0.027250250657138517,0.108544885633433,0.10159898020557052,1.068365897116373,1.5363160002164438
21-7-51,1.6005247637421731,0.01518527260060297,0.07550410663928336,0.04555581780180891,0.23387404609775198,0.22383817238865367,0.017614244011443635,0.29934227902793703,0.24905931869835496,0.06317006181325255,0.2536346045728976,0.21102953454616083,1.2018915035677973,0.3979400086720376
21-7-56,1.9373782364986276,0.016418290444183588,0.06124831522215592,0.04925487133255076,0.14287103803929713,0.15647341769470927,0.017043255656621764,0.2177217329168652,0.1592893284834807,0.06629812698917253,0.4162119811814516,0.30450853987317744,1.3668318837783555,-0.0
21-7-66,1.2406743399522646,0.017062174206051963,0.03831515811921188,0.023012785320706317,0.24168745728923222,0.24168745728923222,0.0017342311358078597,0.28000261540844407,0.2587496314952842,0.024747016456514177,0.09564077951919789,0.08838137608256026,1.0821372528739126,1.2041199826559248
21-7-89,1.5099287443150273,0.0,0.04679346431307731,0.023396732156538654,0.23397549640999088,0.09094520215074664,0.13889357895599366,0.13773866646382393,0.23397549640999088,0.1622903111125323,0.6936209714377699,1.1782480205379127,0.5886884249727888,1.1522854780489347
21-7-90,1.869945977576828,0.025352752361889747,0.05914218166336168,0.07041655554251461,0.21617011588355736,0.07278022483557992,0.18829244323306005,0.1319224064989416,0.2415228682454471,0.25870899877557463,1.0711573635034102,1.9610694319592346,0.5462108307064146,0.3979400086720376
21-7-91,1.2382171638832953,0.015123492257912824,0.033628375284378856,0.058322697407658323,0.22473635513123674,0.15034421061141373,0.0,0.18397258589579257,0.23985984738914956,0.058322697407658323,0.24315323320053378,0.3170184140407419,0.7670003458199268,-0.0
21-7-93,1.3704751667104278,0.009571227276421942,0.04558761928535283,0.047553949384195104,0.22163422761719256,0.16755364743336548,0.0017508232519526442,0.2131412667187183,0.2312054548936145,0.04930477263614775,0.21325090560183607,0.23132438591169238,0.9218695416022596,0.7853309641778878
21-7-106,1.0153960833230475,0.0,0.029749247610438335,0.014874623805219167,0.284432383880818,0.21698918799435077,0.004886533444983054,0.2467384356047891,0.284432383880818,0.01976115725020222,0.06947576425925707,0.0800894972109431,0.8674765940441462,-0.0
21-7-107,1.2489376676971211,0.0,0.05519822014057703,0.027599110070288514,0.26488208755502207,0.2020745609504733,0.0045506603789423,0.25727278109105034,0.26488208755502207,0.03214977044923081,0.12137389412016232,0.12496374592325343,0.9712728537659568,-0.0
21-7-108,1.483374047413624,0.0,0.07745322968259252,0.03872661484129626,0.2477854432498523,0.18903178813188487,0.004256940925994223,0.2664850178144774,0.2477854432498523,0.04298355576729049,0.17347086739049636,0.16129820775596077,1.0754668003066248,0.44715785762446125
21-7-109,1.7178104271301269,0.0,0.0970095535497136,0.0485047767748568,0.23276197123373607,0.17757060727352358,0.0039988384642953454,0.2745801608232372,0.23276197123373607,0.052503615239152146,0.2255678406608303,0.19121416158304202,1.179660746847293,-0.0
21-7-110,1.2400211365149385,0.0,0.04107141356927585,0.020535706784637925,0.2598118558506479,0.22644344256104443,0.003318069680060676,0.2675148561303203,0.2598118558506479,0.0238537764646986,0.09181173194194368,0.08916804400978089,1.029648378648665,-0.0
21-7-111,1.156152024709289,0.0,0.039545296404011686,0.019772648202005843,0.2641857969588578,0.2132623827532313,0.0031996443911629455,0.252807679157243,0.2641857969588578,0.02297229259316879,0.0869550629050142,0.09086865031057989,0.9569313796101357,0.6020599913279624
21-7-112,1.0922918835937838,0.0,0.03835024074646845,0.019175120373234225,0.2677021120400141,0.20300360651372865,0.003117196008938477,0.2413538472601971,0.2677021120400141,0.022292316382172703,0.08327284462679403,0.09236362558637798,0.9015761789138269,0.7403631237889428
21-7-125,0.8346408908817212,0.012262595441513133,0.02768650608578113,0.020158527057099862,0.24097569050692785,0.13037607182215283,0.0015359725398930199,0.15806257790793396,0.253238285948441,0.02169449959699288,0.08566832426519368,0.13725259883860166,0.6241654073591199,0.8450984743089558
21-7-129,1.2593557363565075,0.017587681742151404,0.039420908073406064,0.025760253639776704,0.2400743736014846,0.2400743736014846,0.0017226564352117594,0.2794952816748907,0.257662055343636,0.027482910074988463,0.10666262068869763,0.09833049742484248,1.0847359006825292,1.2041199826559248
21-7-134,1.0531536445862544,0.0,0.0,0.04292719608753933,0.2611308279251131,0.21773424064537056,0.007194913728992454,0.21773424064537056,0.2611308279251131,0.050122109816531785,0.19194252250793523,0.23019856531507588,0.8338128530263467,0.49136121611060535
21-7-135,1.2021094927283524,0.0,0.0,0.03884845061025596,0.25878117998088546,0.25878117998088546,0.006978940634949272,0.25878117998088546,0.25878117998088546,0.04582739124520523,0.17708935112124544,0.17708935112124544,1.0,0.863323815569367
21-7-136,1.2534041262514497,0.0,0.0,0.04907026032905353,0.2468486525654537,0.2468486525654537,0.005303830069134032,0.2468486525654537,0.2468486525654537,0.054374090398187566,0.22027298846109716,0.22027298846109716,1.0,0.8808134185630333
21-7-137,1.2449428800784013,0.0172232057958257,0.03919173608922872,0.024087512941937256,0.24032361841055755,0.24032361841055755,0.0,0.27951535449978626,0.25754682420638325,0.024087512941937256,0.09352673253169258,0.08617599195952462,1.0852991698154224,1.2041199826559248
21-7-138,0.8748960450379412,0.013830040174097622,0.030737095050139187,0.019750345790372183,0.23956682559191228,0.13942739104651092,0.010011213343741082,0.1701644860966501,0.2533968657660099,0.029761559134113266,0.11745038378491822,0.17489876893119333,0.6715335076550722,0.9590418266157925
21-7-139,0.908251665169293,0.014369450846288422,0.0333076582522242,0.019640730416847028,0.23992536538192263,0.14013212502375885,0.010279007013877977,0.17343978327598306,0.25429481622821104,0.029919737430725006,0.11765767731527105,0.1725079267604696,0.6820421503218277,0.9590418266157925
21-7-140,0.9297807153413579,0.01460343856107225,0.03262619166157722,0.02083592427283898,0.24130008079518908,0.14145976646162708,0.010605316529810121,0.17408595812320432,0.2559035193562613,0.0314412408026491,0.1228636514329353,0.18060756388173174,0.6802796560247653,0.9444840618947344
21-7-141,1.2148003122469084,0.009688832569938206,0.01937766513987641,0.02906649770981462,0.27685799271256695,0.27685799271256695,0.008261768409382213,0.2962356578524434,0.28654682528250514,0.03732826611919683,0.13026934108376553,0.12600868642825655,1.0338123884652572,1.0718807912832786
21-7-145,1.2449220657126716,0.017221901350337753,0.03918876779842895,0.024085688609815505,0.24032730246531858,0.24032730246531858,0.0,0.27951607026374753,0.2575492038156563,0.024085688609815505,0.09351878496605683,0.0861692445342716,1.0852919213985,1.345948660829832
21-7-146,1.3543362630910565,0.020286917000933633,0.05189340556119376,0.04440030972573117,0.2499889143555217,0.22508643186303234,0.020803531150435886,0.2769798374242261,0.27027583135645533,0.06520384087616705,0.24124924729274988,0.23541006263318712,1.024804312076758,1.1238514672493276
21-7-147,1.3543362630910565,0.020286917000933633,0.05189340556119376,0.04440030972573117,0.2499889143555217,0.22508643186303234,0.020803531150435886,0.2769798374242261,0.27027583135645533,0.06520384087616705,0.24124924729274988,0.23541006263318712,1.024804312076758,1.1613712594558034
21-7-148,1.2538719058207672,0.012377980954648492,0.046267466014691,0.022021506786821295,0.2573742749806572,0.23033186559192176,0.016943419384123776,0.27659933160661276,0.26975225593530566,0.038964926170945074,0.14444708177080076,0.14087136778176337,1.0253828300622227,0.8808134185630333
21-7-149,1.2425192506963028,0.021283569419904304,0.04689491236242603,0.04287315872492592,0.24473907825290436,0.21776324610190845,0.00618624512151413,0.2646581584643345,0.26602264767280864,0.04905940384644005,0.1844181473856319,0.18536894585492752,0.9948707780318299,0.2787534272350709
21-7-150,1.1938302159729866,0.017555589099812873,0.05323787549864643,0.01572412421569031,0.25737510587755463,0.22248201917383156,0.016656960466140455,0.275719894672478,0.2749306949773675,0.03238108468183076,0.11777908132264532,0.1174419594215194,1.0028705405017633,1.2041199826559248
21-7-151,1.1197799761301155,0.010192729284314342,0.02607273616301767,0.02230798978244252,0.26986830664402955,0.23233314111715722,0.020904582117079185,0.2584058772801749,0.2800610359283439,0.043212571899521705,0.1542969794290771,0.16722751182887668,0.92267700297406,4.000000000000048
21-7-152,1.381606679532921,0.0,0.0,0.10354077554233923,0.24082036090456985,0.20890883655465678,0.0,0.20890883655465678,0.24082036090456985,0.10354077554233923,0.4299502548431503,0.49562659603079967,0.8674882629107982,0.8450984743089558
21-7-153,1.2465786067512068,0.017193526778619433,0.03916026092490809,0.024427728223878488,0.24022236941421563,0.24022236941421563,0.0,0.2793826303391237,0.25741589619283506,0.024427728223878488,0.0948959585836114,0.08743467048838119,1.0853355774494708,1.0492166329300632
21-7-154,1.2377430934280744,0.020729868560020036,0.03962743497979043,0.023879391996014045,0.2387404779488512,0.2387404779488512,0.0,0.2783679129286416,0.25947034650887124,0.023879391996014045,0.09203129497188078,0.08578356515585696,1.0728313145376105,1.5595317301778502
21-7-155,1.331984457509586,0.015339671697580094,0.02532533508564551,0.05463794492185397,0.23451346860973926,0.23451346860973926,0.0,0.25983880369538476,0.24985314030731937,0.05463794492185397,0.21868024093933458,0.21027631033087474,1.0399661312072486,0.11394322201851174
21-7-161,1.2465786067512068,0.017193526778619433,0.03916026092490809,0.024427728223878488,0.24022236941421563,0.24022236941421563,0.0,0.2793826303391237,0.25741589619283506,0.024427728223878488,0.0948959585836114,0.08743467048838119,1.0853355774494708,1.6432286383304007
21-7-162,1.3543362630910565,0.020286917000933633,0.05189340556119376,0.04440030972573117,0.2499889143555217,0.22508643186303234,0.020803531150435886,0.2769798374242261,0.27027583135645533,0.06520384087616705,0.24124924729274988,0.23541006263318712,1.024804312076758,1.2041199826559248
21-7-163,1.1197799761301155,0.010192729284314342,0.02607273616301767,0.02230798978244252,0.26986830664402967,0.23233314111715728,0.020904582117079185,0.25840587728017494,0.280061035928344,0.043212571899521705,0.15429697942907705,0.16722751182887666,0.9226770029740597,1.3099812192113045
21-7-164,1.2425192506963028,0.021283569419904308,0.04689491236242604,0.04287315872492592,0.24473907825290436,0.21776324610190845,0.00618624512151413,0.2646581584643345,0.2660226476728087,0.04905940384644005,0.18441814738563186,0.18536894585492752,0.9948707780318297,1.195901476449888
21-7-165,1.1938302159729866,0.017555589099812873,0.05323787549864643,0.01572412421569031,0.25737510587755463,0.22248201917383156,0.016656960466140455,0.275719894672478,0.2749306949773675,0.03238108468183076,0.11777908132264532,0.1174419594215194,1.0028705405017633,-0.0
21-7-166,0.9256196492477085,0.006142239079237765,0.01228447815847553,0.03401387295805688,0.2648020617223098,0.19276138051661,0.0008525893436604141,0.2050458586750855,0.2709443008015476,0.03486646230171729,0.1286849813728141,0.17004226531083705,0.7567823278381884,0.8450984743089558
21-7-167,1.063028412957781,0.006403211656725467,0.012806423313450934,0.0354590606138433,0.25604327957250783,0.21849250014957253,0.0008888143156426541,0.23129892346302347,0.2624464912292333,0.036347874929485956,0.1384963264673178,0.1571467535831255,0.8813184065813855,0.7403631237889428
21-7-169,1.2465786067512068,0.017193526778619433,0.03916026092490809,0.024427728223878488,0.24022236941421563,0.24022236941421563,0.0,0.2793826303391237,0.25741589619283506,0.024427728223878488,0.0948959585836114,0.08743467048838119,1.0853355774494708,1.2041199826559248
21-7-173,1.1197799761301155,0.010192729284314342,0.02607273616301767,0.02230798978244252,0.26986830664402955,0.23233314111715722,0.020904582117079185,0.2584058772801749,0.2800610359283439,0.043212571899521705,0.1542969794290771,0.16722751182887668,0.92267700297406,0.5682021583616941
21-7-176,1.4610171173033983,0.020981213067081495,0.043549300834700364,0.05929229310474123,0.2382439124207137,0.2382439124207137,0.011374595777375674,0.28179321325541407,0.2592251254877952,0.0706668888821169,0.2726081769625531,0.2507756949350844,1.0870598007239904,-0.0
21-7-177,1.255328506999492,0.019126797300944447,0.042991436081394545,0.02437802672313805,0.23844250174941692,0.23844250174941692,0.0,0.28143393783081144,0.25756929905036136,0.02437802672313805,0.0946464769404506,0.08662077825806955,1.092653273773067,0.6627584396942743
21-7-180,0.9262139963262415,0.022208022218877937,0.055896181270189645,0.016292780564218137,0.23030675634602762,0.1283081338927208,0.0,0.18420431516291044,0.25251477856490556,0.016292780564218137,0.06452208720936424,0.08844950537564111,0.7294793445745322,0.11394322201851174
21-7-181,1.2173381809150265,0.01460462224726287,0.038335039144537945,0.02131131296949454,0.2537726770286258,0.2537726770286258,0.0,0.2921077161731638,0.2683772992758887,0.02131131296949454,0.0794080312567225,0.07295703533165493,1.0884218484994905,0.3424231151169053
21-7-184,1.062390829638698,0.029505859932385303,0.03605671286281528,0.03737764861242891,0.24153423898290305,0.18348719709059555,0.005690053587520657,0.21954390995341083,0.27104009891528835,0.04306770219994957,0.15889789876962107,0.19616896778912665,0.8100052753523667,-0.0
21-7-185,1.2465786067512068,0.017193526778619433,0.03916026092490809,0.024427728223878488,0.24022236941421563,0.24022236941421563,0.0,0.2793826303391237,0.25741589619283506,0.024427728223878488,0.0948959585836114,0.08743467048838119,1.0853355774494708,1.6550185860727424
21-7-193,1.2465786067512068,0.017193526778619433,0.03916026092490809,0.024427728223878488,0.24022236941421563,0.24022236941421563,0.0,0.2793826303391237,0.25741589619283506,0.024427728223878488,0.0948959585836114,0.08743467048838119,1.0853355774494708,1.917861168606551
21-7-206,1.144990419365825,0.009127368550323535,0.028308938850654677,0.019522125532924997,0.23914383288499183,0.22140842177870837,0.0007740363978663192,0.24971736062936306,0.24827120143531536,0.020296161930791316,0.08174996460908207,0.08127653551855132,1.0058249172102407,1.0
21-7-210,1.0584610320329377,0.017150059606275157,0.034300119212550315,0.024185916233231183,0.2514536371171494,0.2119468381238697,0.0,0.24624695733642,0.26860369672342455,0.024185916233231183,0.09004312497655198,0.09821813229630545,0.9167668216792086,0.8260740209714625
21-7-211,1.0305631660205536,0.0,0.0,0.043613342610974985,0.2622459044315187,0.21937873650073192,0.0,0.21937873650073192,0.2622459044315187,0.043613342610974985,0.16630704950575848,0.198803873641735,0.8365382749305019,0.6901952982991498
21-7-212,1.036237089671321,0.0,0.0,0.04415438307490686,0.26019274999456077,0.2167290719349612,0.0,0.2167290719349612,0.26019274999456077,0.04415438307490686,0.16969874477989833,0.20373078092706115,0.8329558450014146,0.3424231151169053
21-7-213,0.9820055335221135,0.0,0.0,0.043096310974607845,0.2666121632520674,0.21153559014745546,0.0,0.21153559014745546,0.2666121632520674,0.043096310974607845,0.16164420425883802,0.20373078092706115,0.7934206285534693,0.7634274724098717
21-7-215,0.8466933838614399,0.00535788025185533,0.01071576050371066,0.0,0.2699242635995302,0.2210243393274868,0.0,0.23174009983119745,0.27528214385138555,0.0,0.0,0.0,0.841827575842715,0.44715785762446125
21-7-217,1.2400971237008445,0.016856738005155306,0.03778485059729815,0.023245818120005046,0.24184672458788015,0.24184672458788015,0.0017353739601452464,0.2796315751851783,0.25870346259303545,0.024981192080150292,0.09656303719230858,0.08933609183300271,1.0808961441117806,1.0492166329300632
21-7-225,1.2475487457702312,0.017182336959255695,0.03913638191727551,0.024621537541383024,0.24015992307588693,0.24015992307588693,0.0,0.27929630499316244,0.2573422600351426,0.024621537541383024,0.09567623109403295,0.08815561502679312,1.0853106868456888,0.6020599913279624
21-7-226,1.10545509108387,0.012895250334810633,0.02362899379004407,0.023616838924951172,0.251314986500406,0.22386460349369822,0.0020985839220420788,0.2474935972837423,0.26421023683521666,0.02571542284699325,0.09732939629826498,0.10390338630664238,0.936729780981574,1.3010299956639808
21-7-233,1.2487445708887301,0.01718953044579131,0.039149059219793426,0.024820428412660692,0.24007387540727904,0.24007387540727904,0.0,0.2792229346270725,0.25726340585307034,0.024820428412660692,0.09647865902403652,0.08889108069081296,1.085358151506957,1.2396001366701237
21-7-241,1.2487445708887301,0.01718953044579131,0.039149059219793426,0.024820428412660692,0.24007387540727904,0.24007387540727904,0.0,0.2792229346270725,0.25726340585307034,0.024820428412660692,0.09647865902403652,0.08889108069081296,1.085358151506957,1.195901476449888
21-7-257,1.248571166476315,0.017142757138302774,0.03894495654884895,0.024971028991322544,0.24010982143715962,0.24010982143715962,0.0,0.2790547779860086,0.2572525785754624,0.024971028991322544,0.09706813875141605,0.0894843269538089,1.0847501686135703,1.1430174928882304
21-7-262,5.494048552029864,0.008587858377904949,0.3862576061952912,0.008455804505457092,0.10767619831211568,0.10767619831211568,0.007944739193802109,0.49393380450740687,0.11626405669002063,0.016400543699259203,0.141062888791037,0.033203930465166745,4.2483792374828,0.3424231151169053
21-7-265,1.248571166476315,0.017142757138302774,0.03894495654884895,0.024971028991322544,0.24010982143715962,0.24010982143715962,0.0,0.2790547779860086,0.2572525785754624,0.024971028991322544,0.09706813875141605,0.0894843269538089,1.0847501686135703,1.1875211551311624
21-7-273,1.346037257918423,0.02259861714708741,0.051326178810897606,0.032967877887883426,0.2211174399244315,0.2211174399244315,0.0,0.27244361873532913,0.24371605707151892,0.032967877887883426,0.13527166935172,0.12100807514200117,1.1178730774205003,1.5747103835532057
21-7-279,1.0820867466195405,0.000726700274782062,0.01459390298399779,0.010384461565045468,0.2632816024045673,0.2503019909360095,0.0012464166383811483,0.2648958939200073,0.2640083026793494,0.011630878203426617,0.044054971322446894,0.043907355570180655,1.0033619822999882,1.113943786601536
21-7-281,1.2489339397858268,0.01716488424306555,0.03898845076450263,0.025021503438643743,0.2400706575239257,0.2400706575239257,0.0,0.27905910828842834,0.25723554176699126,0.025021503438643743,0.09727078640364824,0.08966381205798937,1.084838846030092,1.2041199826559248
21-7-290,0.9653926638755163,0.0030945139143238086,0.018962768849290386,0.008560020593233398,0.26496222071447356,0.20775205032198485,0.012209547658650372,0.22671481917127523,0.26805673462879737,0.02076956825188377,0.07748198634384354,0.09161098655925565,0.8457717709843326,1.113943786601536
21-7-291,0.9247500933870784,0.002761472828504098,0.015572778445411073,0.011585306099673199,0.2713908615966021,0.20825675247700823,0.008964467076028238,0.2238295309224193,0.27415233442510617,0.020549773175701436,0.07495749842434879,0.09180992825662541,0.8164421849326466,1.2041199826559248
21-7-292,0.9680826679168872,0.0030710204756775796,0.009712817511480462,0.007422411983255087,0.2592736247410803,0.22511501092553515,0.0018387267821945868,0.2348278284370156,0.2623446452167579,0.009261138765449674,0.035301420990688843,0.03943799517753345,0.8951119556604368,0.8976280467393527
21-7-293,1.0197136336776533,0.0035163017485944866,0.01637488243749223,0.00906794976613296,0.251405532790425,0.2236409864251546,0.00020215227394143392,0.2400158688626468,0.25492183453901945,0.009270102040074394,0.03636448818453592,0.03862287141263717,0.9415273089363749,1.0
21-7-294,0.9763726027140656,0.002175602817327686,0.011319071514180242,0.012420595884690654,0.2550704622606483,0.2188493045016321,6.693577119805428e-05,0.23016837601581233,0.257246065077976,0.012487531655888708,0.04854313962821359,0.054253898263725106,0.8947401234146928,1.0718807912832786
21-7-295,0.9443595980075888,0.0032619877941320774,0.012657458923432856,0.005080939585556856,0.26481489183864404,0.22477404927080705,0.0008732683515522728,0.23743150819423992,0.2680768796327761,0.005954207937109129,0.022210822303159725,0.025077581246032692,0.8856843921769173,1.2041199826559248
21-7-296,1.0002825978758434,0.001540343935178931,0.010098617545959209,0.009137793140608244,0.25257841087743876,0.22098068334348533,0.00102501683692202,0.23107930088944453,0.2541187548126177,0.010162809977530263,0.03999236492805942,0.043979750407815474,0.9093358774712949,1.195901476449888
21-7-297,1.2489734290985615,0.017123210668766778,0.03890554575121308,0.025061647126277974,0.24009344158769344,0.24009344158769344,0.0,0.2789989873389065,0.25721665225646023,0.025061647126277974,0.09743399934033053,0.08982701824589426,1.0846847779541426,1.2041199826559248
21-7-298,1.086385908424542,0.0006986184210841138,0.014450717780720117,0.013019574791088687,0.26282430487466696,0.24781172444501315,0.0012442517197360442,0.26226244222573325,0.26352292329575105,0.01426382651082473,0.0541274600798826,0.05438760651266886,0.9952168067420717,1.0606954517405303
21-7-299,1.0321717683035303,0.003517751860185277,0.011986644254904364,0.012263571098227663,0.24487961671705827,0.2238023757832876,0.0003292072412062947,0.23578902003819197,0.24839736857724354,0.012592778339433957,0.05069610202218391,0.05340697517379834,0.9492412153507545,1.1335413404261263
21-7-300,0.9356380359948768,0.0017723585853706082,0.013296073114872936,0.01565224891537176,0.2683490614668347,0.20700771661856687,0.008243954219532751,0.2203037897334398,0.2701214200522053,0.023896203134904512,0.08846467314693587,0.10846932394498576,0.8155731955313376,0.8260740209714625
21-7-302,1.0844668256529508,0.002220839505118528,0.014061100340907485,0.013438012497294465,0.256060456646479,0.24315617874833534,0.001483305417905543,0.2572172790892428,0.2582812961515975,0.014921317915200008,0.0577715774913952,0.058010558108823565,0.995880394445093,1.0128389184569544
21-7-303,1.0371596867257413,0.0008006675671837849,0.011014765012955922,0.014391698616536852,0.25220016055332867,0.22950377281883363,0.0002716118874204621,0.24051853783178956,0.25300082812051244,0.014663310503957314,0.057957559320607074,0.0609654068087356,0.9506630457241936,1.1789780330307316
21-7-304,1.1057227131751142,0.0027141368532237363,0.015542672632472906,0.013766160924810707,0.27015860730469893,0.2606152431989116,0.003794070926858418,0.2761579158313845,0.2728727441579227,0.017560231851669123,0.06435319110327228,0.06358764621612725,1.0120392078131504,1.2041199826559248
21-7-305,1.2521783836741522,0.017315324491989158,0.03934370920804474,0.025389976595192664,0.2397564775746536,0.2397564775746536,0.0,0.2791001867826983,0.25707180206664276,0.025389976595192664,0.09876608943913116,0.0909708334052846,1.0856896187717429,1.4773992921695578
21-7-311,1.043340364076331,0.0037465216989011666,0.02187932447415646,0.02840152317388134,0.25565561296887096,0.20260455710703779,0.0038908178932979464,0.22448388158119426,0.2594021346677721,0.032292341067179285,0.12448756872620777,0.14385149098332645,0.8653894921439285,1.1522854780489347
21-7-313,1.2490627101129936,0.017104881810818227,0.038868970271226634,0.025097758211086868,0.24009767935879806,0.24009767935879806,0.0,0.2789666496300247,0.25720256116961626,0.025097758211086868,0.097579736752838,0.08996687684485723,1.0846184748761338,1.2041199826559248
21-7-314,1.08243114362527,0.016375213199128935,0.037202817523535256,0.023931572578383235,0.2503301853771991,0.21112730360136348,0.0,0.24833012112489872,0.266705398576328,0.023931572578383235,0.0897303643125705,0.09636999519017972,0.9311027165197389,1.2041199826559248
21-7-315,1.1623205521652227,0.016752360192264996,0.038044392602644465,0.024492219307658852,0.24531963277638208,0.22527414602630602,0.0,0.2633185386289505,0.2620719929686471,0.024492219307658852,0.09345607300582086,0.09301365348290772,1.004756500861397,-0.0
21-7-316,1.281270467348495,0.018206584893199075,0.04139664947018546,0.026647280979860802,0.23844266821614743,0.23844266821614743,0.0,0.2798393176863329,0.2566492531093465,0.026647280979860802,0.1038276194340126,0.09522350611835498,1.0903570312246582,1.0718807912832786
21-7-317,1.3159359137707072,0.019361755486423517,0.04396267729050886,0.028287395062774237,0.2366360716738833,0.2366360716738833,0.0,0.2805987489643922,0.25599782716030683,0.028287395062774237,0.11049857483774876,0.10081083813514753,1.0960981664452962,1.0718807912832786
21-7-318,1.1019280413264514,0.017019230763638777,0.03863165170224956,0.0248553740797213,0.25789977838213585,0.22240849712052593,0.0,0.2610401488227755,0.2749190091457746,0.0248553740797213,0.09040980526210847,0.09521667142703027,0.949516549015205,1.2041199826559248
21-7-319,0.9750657251980045,0.016770498134706834,0.038112796732550164,0.024553632697612245,0.2752853907480337,0.20526420355096203,0.0,0.2433770002835122,0.29205588888274053,0.024553632697612245,0.08407169186535542,0.10088723531397578,0.833323379352324,0.8061799739838872
21-7-320,1.0702336673568174,0.0174143425303692,0.03956187482666359,0.02546004810411292,0.25504142731142665,0.20522880800129614,0.0,0.24479068282795974,0.27245576984179587,0.02546004810411292,0.09344653673106848,0.10400742303581212,0.8984602637341829,1.0718807912832786
21-7-321,1.2490627101129936,0.017104881810818227,0.038868970271226634,0.025097758211086868,0.24009767935879806,0.24009767935879806,0.0,0.2789666496300247,0.25720256116961626,0.025097758211086868,0.097579736752838,0.08996687684485723,1.0846184748761338,1.2041199826559248
21-7-329,0.8466683925071092,0.005353546396163774,0.010707092792327549,0.0,0.26992811960573,0.22102680624913387,0.0,0.2317338990414614,0.27528166600189374,0.0,0.0,0.0,0.8418065118796079,-0.0
21-7-330,0.8602343744088625,0.007961161855043997,0.015922323710087994,0.0,0.2674206016653893,0.21898024489176024,0.0,0.23490256860184824,0.27538176352043325,0.0,0.0,0.0,0.8530069878226287,0.5314783958891895
21-7-331,0.8865505313629518,0.013029591453866406,0.026059182907732813,0.0,0.2625436172648986,0.21499299384781528,0.0,0.2410521767555481,0.275573208718765,0.0,0.0,0.0,0.8747300867028508,0.2787534272350709
21-7-332,0.8937202616835517,0.005324839646611905,0.01064967929322381,0.0,0.27612470178557635,0.23955626861461404,0.0,0.25020594790783784,0.28144954143218825,0.0,0.0,0.0,0.8889904266130128,0.6334687161563538
21-7-333,0.9442213818764583,0.0055737059660475215,0.011147411932095043,0.0,0.28262634228945543,0.259583809397066,0.0,0.27073122132916105,0.28820004825550294,0.0,0.0,0.0,0.9393864538466179,0.7853309641778878
21-7-334,1.0409755418362685,0.01384242969448211,0.02768485938896422,0.02838589404011624,0.26318607797579047,0.222070502976048,0.0,0.24975536236501222,0.2770285076702726,0.02838589404011624,0.10246560644185383,0.1136547931196402,0.9015511236203833,0.3424231151169053
21-7-335,1.095326567165948,0.01690208358185064,0.03380416716370128,0.036595272595254046,0.25302355292131334,0.21152460956520977,0.0,0.24532877672891104,0.269925636503164,0.036595272595254046,0.13557538687076537,0.1491682838156892,0.9088754217906063,0.8450984743089558
21-7-336,1.0236958562465754,0.012861290797407358,0.025722581594814716,0.03801217181344594,0.2494710521256903,0.19381264231663256,0.0,0.21953522391144728,0.26233234292309765,0.03801217181344594,0.14490082080572564,0.17314839567056767,0.8368591591308423,0.2041199826559248
21-7-344,1.2815506414393498,0.006390400251590505,0.038794988415648976,0.05949017695832773,0.24053630217011496,0.17617386349186098,0.005881203793570986,0.21496885190750997,0.24692670242170547,0.06537138075189872,0.26474002248754935,0.3040969897351671,0.8705775835469695,1.0827834159956788
21-7-345,1.2490627101129936,0.017104881810818227,0.038868970271226634,0.025097758211086868,0.24009767935879806,0.24009767935879806,0.0,0.2789666496300247,0.25720256116961626,0.025097758211086868,0.097579736752838,0.08996687684485723,1.0846184748761338,1.5828107315409856
21-7-353,1.236862618889246,0.0,0.01583079993852554,0.03655726113769627,0.22998890921618487,0.20067676918921462,0.014894881783155659,0.21650756912774016,0.22998890921618487,0.05145214292085193,0.2237157569736894,0.23764593140157145,0.9413826513009264,1.1789780330307316
21-7-358,1.149200229530134,0.001683083291309865,0.01704785495874981,0.044039780501737,0.264725251993166,0.22978123849378634,0.0021099936291973515,0.24682909345253615,0.26640833528447583,0.04614977413093435,0.17322946777042375,0.1869705612308976,0.9265066469822253,1.0128389184569544
21-7-361,1.249032972792589,0.017166622832074103,0.03905854380411594,0.02495155455862246,0.2400606140390418,0.2400606140390418,0.0,0.2791191578431578,0.2572272368711159,0.02495155455862246,0.09700199272102927,0.08939391603009637,1.0851073208200375,1.195901476449888
21-7-369,1.2490627101129936,0.017104881810818227,0.038868970271226634,0.025097758211086868,0.24009767935879806,0.24009767935879806,0.0,0.2789666496300247,0.25720256116961626,0.025097758211086868,0.097579736752838,0.08996687684485723,1.0846184748761338,1.2041199826559248
21-7-377,1.0716329106021243,0.013183810029858443,0.026367620059716886,0.027185595646253998,0.2604519230788413,0.22551627319465062,0.0,0.2518838932543675,0.27363573310869976,0.027185595646253998,0.09934958178672784,0.10792907515845147,0.9205080432763089,0.9138146341144876
21-7-378,1.1048397433262125,0.016759848051212053,0.033519696102424106,0.0360625494615753,0.2522226140155082,0.21266982763656544,0.0,0.24618952373898956,0.2689824620667203,0.0360625494615753,0.1340702631111693,0.14648287593183235,0.9152623626365759,0.7853309641778878
21-7-379,1.2452637405294946,0.017157313215565604,0.03431462643113121,0.02511996742070838,0.24031014374090226,0.24513641151366647,0.0,0.2794510379447977,0.2574674569564679,0.02511996742070838,0.09756560195083458,0.08989040658231708,1.085383920935867,0.8808134185630333
21-7-385,1.2490627101129936,0.017104881810818227,0.038868970271226634,0.025097758211086868,0.24009767935879806,0.24009767935879806,0.0,0.2789666496300247,0.25720256116961626,0.025097758211086868,0.097579736752838,0.08996687684485723,1.0846184748761338,1.0492166329300632
21-7-386,0.8245030342061804,0.0,0.02882657448901597,0.014413287244507985,0.23820215579999843,0.1315386076112661,0.0,0.16036518210028206,0.23820215579999843,0.014413287244507985,0.060508634760677006,0.0898779090058018,0.6732314473044879,1.2041199826559248
21-7-387,0.8819586556003663,0.0,0.040460365704636056,0.012657357680278038,0.23397604875975428,0.12920489138681415,0.0,0.1696652570914502,0.23397604875975428,0.012657357680278038,0.05409680925620966,0.07460194206675841,0.7251394234187698,1.025304128090317
21-7-389,0.9070001628187918,0.0,0.04373334887674275,0.012322752175199606,0.2327189043509969,0.1285106784207775,0.0,0.17224402729752025,0.2327189043509969,0.012322752175199606,0.05295122976607817,0.0715424062508379,0.7401376685657398,0.44715785762446125
21-7-390,0.886784122750773,0.0,0.04159256428396933,0.01205139289760858,0.2337090096854987,0.12897582186506168,0.0,0.17056838614903103,0.2337090096854987,0.01205139289760858,0.051565803619749585,0.07065431742479462,0.7298323088979934,0.49136121611060535
21-7-391,0.9233015027104028,0.0,0.038052155843319425,0.01286294565109918,0.24184979191830758,0.1470537310411178,0.0,0.18510588688443722,0.24184979191830758,0.01286294565109918,0.053185680041618756,0.06948966274168038,0.7653754233824712,1.2041199826559248
21-7-392,0.8772395487805746,0.0,0.03791846338303974,0.012059667495986165,0.2388072855903466,0.13682385387009516,0.0,0.17474231725313488,0.2388072855903466,0.012059667495986165,0.05049957946707492,0.06901400694209814,0.7317294228321423,1.2041199826559248
21-7-401,1.025976350793379,0.0,0.0,0.04618570303381931,0.2613363557865209,0.20752794805868105,0.005698687275836187,0.20752794805868105,0.2613363557865209,0.0518843903096555,0.19853491166012335,0.25001158058472467,0.7941028619386022,1.025304128090317
21-7-402,0.9877098128719589,0.0052100214688583345,0.010420042937716669,0.010639412262721231,0.278752695502282,0.2551977393778053,0.0,0.26561778231552197,0.28396271697114034,0.010639412262721231,0.03746763792164495,0.040055346332509054,0.9353966786510117,1.113943786601536
21-7-404,1.092056481193977,0.0,0.0,0.05034210164312792,0.25365064189958875,0.21111867092453535,0.0,0.21111867092453535,0.25365064189958875,0.05034210164312792,0.19847023159932142,0.23845404777639384,0.8323206649250653,0.863323815569367
21-7-405,1.0543527343257428,0.0,0.00415872801424646,0.045813875788393674,0.2563719771024244,0.2099257599522345,0.0,0.21408448796648097,0.2563719771024244,0.045813875788393674,0.17870079369123232,0.21399904413236476,0.8350541677218921,0.49136121611060535
21-7-406,0.6640060477679197,0.0004278832373419207,0.0008557664746838414,0.060635101541590075,0.3059033901627461,0.13162108425399593,0.0,0.13247685072867976,0.30633127340008803,0.060635101541590075,0.19793963857681873,0.4577033738956723,0.43246270372028456,0.11394322201851174
21-7-407,1.0341028237306877,0.0023762835540473387,0.004752567108094677,0.0567856205574501,0.2449339992214391,0.1824883052725219,0.0,0.1872408723806166,0.24731028277548645,0.0567856205574501,0.2296128568540003,0.3032757743299674,0.75710912736531,0.11394322201851174
21-7-408,0.9592464582963152,0.005818136146820613,0.011636272293641226,0.04789094026934782,0.25482926000392225,0.17694410689206586,0.0,0.18858037918570708,0.26064739615074284,0.04789094026934782,0.18373841817184536,0.2539550534161699,0.7235076274333602,0.11394322201851174
21-7-409,1.2490627101129936,0.017104881810818227,0.038868970271226634,0.025097758211086868,0.24009767935879806,0.24009767935879806,0.0,0.2789666496300247,0.25720256116961626,0.025097758211086868,0.097579736752838,0.08996687684485723,1.0846184748761338,1.2041199826559248
21-7-417,1.2188711584399814,0.017238746615588142,0.034477493231176284,0.025294176201006255,0.2419767118670932,0.2419767118670932,0.0,0.2764542050982695,0.25921545848268135,0.025294176201006255,0.097579736752838,0.09149499531763348,1.0665035438723263,1.1335413404261263
21-7-433,1.2188711584399814,0.017238746615588142,0.034477493231176284,0.025294176201006255,0.2419767118670932,0.2419767118670932,0.0,0.2764542050982695,0.25921545848268135,0.025294176201006255,0.097579736752838,0.09149499531763348,1.0665035438723263,0.9444840618947344
21-7-434,1.4905895967744576,0.01913569796259939,0.06777686069663204,0.06094995628835425,0.23471788872925342,0.1574308212825206,0.04205199684661213,0.22520768197915264,0.2538535866918528,0.10300195313496638,0.4057533890982527,0.4573642969448139,0.8871558007668696,1.103804589545789
21-7-435,0.9041454351098357,0.008874377117099697,0.017748754234199395,0.02603681279340966,0.26185188755604005,0.17628463398618552,0.01597791787713459,0.1940333882203849,0.27072626467313976,0.042014730670544245,0.15519266562950793,0.21653351031948959,0.7167143108728306,1.0934225537520676
21-7-453,1.218839518408489,0.01721438926560178,0.03442877853120356,0.025327389291445037,0.24199104335184896,0.24199104335184896,0.0,0.27641982188305253,0.2592054326174507,0.025327389291445037,0.09771164529882581,0.09162653068404236,1.0664121468897132,0.9590418266157925
21-7-470,1.2187335692318566,0.01724008883628472,0.03448017767256944,0.02526654442160147,0.24198441596675163,0.24198441596675163,0.0,0.2764645936393211,0.2592245048030363,0.02526654442160147,0.09746973744168001,0.09139161036499487,1.0665064008874627,0.5682021583616941
21-7-477,1.3776621057918965,0.02220837401475378,0.07399288587443764,0.02733930758521313,0.24049245081451237,0.16719449740525813,0.05818420470114626,0.24118738327969577,0.26270082482926616,0.08552351228635939,0.3255547916225334,0.3545936405271293,0.9181066844249448,0.7853309641778878
21-7-479,1.2322945850669214,0.013619695078892139,0.04539961842900538,0.024939191515940946,0.24065155206986902,0.21461411990833315,0.0020096907271115183,0.26001373833733854,0.25427124714876115,0.026948882243052464,0.10598478021105566,0.10364407056095369,1.0225841154002668,1.0128389184569544
21-7-482,1.2181320893935563,0.008250103711048383,0.03615672998877437,0.024479295587458542,0.25181637417527203,0.17883872128551526,0.05274080377626117,0.21499545127428962,0.2600664778863204,0.07722009936371971,0.29692446328078453,0.35917085178329133,0.826694209194727,1.1875211551311624
21-7-483,1.54734221892363,0.026999224494559944,0.10591706022242829,0.04167010916956271,0.220474193450093,0.12447071668457561,0.04545568575030998,0.2303877769070039,0.24747341794465294,0.08712579491987268,0.3520612259833023,0.3781702141040279,0.9309596918345783,-0.0
21-7-488,1.0864713577818406,0.012204743261934058,0.022364037845990673,0.02236662843038539,0.2521406713257695,0.21911401494551108,0.001991928609243439,0.24147805279150175,0.26434541458770355,0.02435855703962883,0.09214669782572392,0.100872757412288,0.9134943882727539,1.1238514672493276
21-7-495,1.361371710588016,0.02403684806819483,0.07729746393329849,0.027375142424592623,0.2388085087173741,0.1514091793896615,0.05852675451938767,0.22870664332295998,0.2628453567855689,0.08590189694398029,0.32681534874538287,0.3755986083127326,0.8701186359915061,1.1238514672493276
21-7-496,1.5658983721130983,0.024219799141187257,0.08022322213722799,0.05739761169928856,0.22316625220687847,0.16532021568922128,0.038335983268758325,0.24554343782644927,0.24738605134806574,0.09573359496804688,0.38698056922114904,0.38988455898264174,0.9925516676806326,1.025304128090317
21-7-497,1.1052622678458683,0.012953781289426949,0.023734342597680064,0.02357029879903556,0.2512897253323302,0.2237694875255023,0.0021022474875230187,0.24750383012318236,0.2642435066217571,0.02567254628655858,0.09715488041606533,0.10372585456064007,0.9366505663182247,1.1702589359191677
21-7-502,1.641784581688346,0.021209396729889914,0.10476983001500802,0.039852799498232575,0.2172116225482497,0.1388374908358917,0.05175494306031054,0.2436073208508997,0.2384210192781396,0.09160774255854312,0.38422678854364944,0.3760467552393953,1.0217527027963496,0.3979400086720376
21-7-505,1.3277281120713254,0.02396946478657752,0.0731625249783976,0.029401658572288044,0.2389405960267585,0.14429973588836564,0.053251632377058475,0.21746226086676324,0.262910060813336,0.08265329094934652,0.31437857757763665,0.38008107990741113,0.8271355618496459,0.5682021583616941
21-7-506,1.1052861850127942,0.012850218141519588,0.02360611970519989,0.02355299814444092,0.2513571464558457,0.22390163196092075,0.0021028115212785936,0.24750775166612063,0.2642073645973653,0.025655809665719512,0.09710482410214902,0.10365659052298415,0.9367935373160631,1.0827834159956788
21-7-507,1.2901314540122768,0.009609578177806824,0.039822505883753155,0.020744495288916472,0.2549423202547223,0.1793868669122323,0.07120992597631075,0.21920937279598546,0.26455189843252913,0.09195442126522722,0.34758556566805027,0.4194821603308344,0.8286063116341319,0.8976280467393527
21-7-508,1.443425647857882,0.011025470407580154,0.07410981023096627,0.03229149874750235,0.23596737392741327,0.1582105958122377,0.048610367781123785,0.23232040604320398,0.2469928443349934,0.08090186652862613,0.32754741031647017,0.3482340096873842,0.9405956948619557,0.3424231151169053
21-7-509,1.4935100352020598,0.034196546119470234,0.10828492373807083,0.03443195672095736,0.22118962309966506,0.14087514485596853,0.039530430449854354,0.24916006859403936,0.25538616921913526,0.07396238717081172,0.2896099949224265,0.29684687272790833,0.975620838653351,-0.0
21-7-515,1.1052839955785851,0.012874464265838777,0.02363791681942773,0.023569456161823238,0.2513322021539591,0.22387941230264052,0.002102602841453345,0.24751732912206825,0.26420666641979784,0.025672059003276584,0.09716658308116367,0.10371822891889675,0.936832262698429,-0.0
21-7-524,2.4994476577690885,0.0,0.0,0.05976170710173586,0.24954254043821744,0.24954254043821744,0.03892621894425871,0.24954254043821744,0.24954254043821744,0.09868792604599458,0.3954753601237303,0.3954753601237303,1.0,0.9444840618947344
21-7-525,1.288652170942755,0.0,0.04476037335595521,0.022380186677977604,0.18696822454949727,0.09348411227474863,0.0,0.13824448563070385,0.18696822454949727,0.022380186677977604,0.11970048243172335,0.16188845852240638,0.7394009648634468,4.000000000000048
21-7-527,1.1815407008647758,0.0,0.0,0.040571626715564496,0.26073252045418327,0.26073252045418327,0.0,0.26073252045418327,0.26073252045418327,0.040571626715564496,0.15560631502695066,0.15560631502695066,1.0,0.716002648764184
21-7-528,1.184425129702298,0.0,0.0,0.0398682704856313,0.2613690944583981,0.2613690944583981,0.001690046912425727,0.2613690944583981,0.2613690944583981,0.04155831739805703,0.15900241566116696,0.15900241566116696,1.0,0.6901952982991498
21-7-533,0.9349046218734469,0.0,0.021398803364994237,0.02143480825947185,0.2590527401194021,0.17937630891735104,0.009274281006549447,0.2007751122823453,0.2590527401194021,0.030709089266021297,0.11854377317864664,0.15295266886881792,0.7750356633548998,1.025304128090317
21-7-534,1.104093584256652,0.012873238814776746,0.022920381116504334,0.023591725207671308,0.25163197258264397,0.2240047239936614,0.0026858858971114895,0.24692510511016572,0.2645052113974207,0.026277611104782796,0.09934628874022645,0.10641935777676001,0.9335358793334291,1.0827834159956788
21-7-535,1.2244297851371682,0.008008533685641842,0.05701237918244282,0.03443570199008092,0.2420848914064402,0.14328463672360825,0.022147298779444675,0.20029701590605106,0.25009342509208204,0.05658300076952559,0.22624745432108925,0.2824954755994255,0.8008887711954186,0.11394322201851174
21-7-542,1.104093584256652,0.012873238814776746,0.022920381116504334,0.023591725207671308,0.25163197258264397,0.2240047239936614,0.0026858858971114895,0.24692510511016572,0.2645052113974207,0.026277611104782796,0.09934628874022645,0.10641935777676001,0.9335358793334291,-0.0
